average,mean,variance,standard deviation,min,qt1,qt2,qt3,max
0.6567626363404644,0.6567626363404644,0.1995138068047192,0.4466696842239455,3.027242573035995e-21,0.025002500606114333,0.9982886283714265,0.9999202642966944,1.0
0.3432373636595356,0.3432373636595356,0.1995138068047192,0.4466696842239455,2.173521481639438e-25,7.97357033055617e-05,0.001711371628573488,0.9749974993938856,1.0
average,mean,variance,standard deviation,min,qt1,qt2,qt3,max,center.eps, center.eps_r, center.normalized_star_energy
0.6567626363404644,0.6567626363404644,0.1995138068047192,0.4466696842239455,3.027242573035995e-21,0.025002500606114333,0.9982886283714265,0.9999202642966944,1.0,0.7686608761978645
0.3432373636595356,0.3432373636595356,0.1995138068047192,0.4466696842239455,2.173521481639438e-25,7.97357033055617e-05,0.001711371628573488,0.9749974993938856,1.0,0.1381795609645734
