autogmm,Silhouette,0.386189042094559
autogmm,Davies Bouldin,1.17871684542811
fuzzy,Silhouette,0.343504917851514
fuzzy,Davies Bouldin,1.05671635841369
