autogmm,Silhouette,0.257706901626855
autogmm,Davies Bouldin,1.34883073794789
fuzzy,Silhouette,0.282997664560148
fuzzy,Davies Bouldin,1.27345179122293
