average,mean,variance,standard deviation,min,qt1,qt2,qt3,max
0.34073822344309546,0.34073822344309546,0.1979248769262733,0.4448874879407976,3.1769620555808693e-29,9.312258710362816e-05,0.0021774251148814396,0.9695899193541785,1.0
0.6592617765569045,0.6592617765569045,0.1979248769262733,0.4448874879407976,4.227333918240516e-27,0.030410080645821458,0.9978225748851185,0.9999068774128964,1.0
average,mean,variance,standard deviation,min,qt1,qt2,qt3,max,center.eps, center.eps_r, center.normalized_star_energy
0.34073822344309546,0.34073822344309546,0.1979248769262733,0.4448874879407976,3.1769620555808693e-29,9.312258710362816e-05,0.0021774251148814396,0.9695899193541785,1.0,0.11502116984640032
0.6592617765569045,0.6592617765569045,0.1979248769262733,0.4448874879407976,4.227333918240516e-27,0.030410080645821458,0.9978225748851185,0.9999068774128964,1.0,0.7373766722201017
