average,mean,variance,standard deviation,min,qt1,qt2,qt3,max
0.6963745480944857,0.6963745480944857,0.19013648789204532,0.43604642859682424,1.3136921079757776e-27,0.06319160524397635,0.9995788111705339,0.9999675697754741,1.0
0.30362545190551443,0.30362545190551443,0.19013648789204532,0.43604642859682424,1.959177902118406e-26,3.2430224525934215e-05,0.00042118882946608324,0.9368083947560236,1.0
average,mean,variance,standard deviation,min,qt1,qt2,qt3,max,center.eps, center.eps_r, center.normalized_star_energy
0.6963745480944857,0.6963745480944857,0.19013648789204532,0.43604642859682424,1.3136921079757776e-27,0.06319160524397635,0.9995788111705339,0.9999675697754741,1.0,0.750078297574646
0.30362545190551443,0.30362545190551443,0.19013648789204532,0.43604642859682424,1.959177902118406e-26,3.2430224525934215e-05,0.00042118882946608324,0.9368083947560236,1.0,-0.043652463976617144
