average,mean,variance,standard deviation,min,qt1,qt2,qt3,max
0.22399979640520212,0.22399979640520212,0.017018143688247563,0.130453607417532,0.0056794419189828355,0.11839952273353499,0.1941423552535253,0.3027491311188482,0.892555946776963
0.27800340733832324,0.27800340733832324,0.01561326054966961,0.12495303337522307,0.0123477653477901,0.18047772888379454,0.2378160789049616,0.36197009974047156,0.9475119833823438
0.33243733114177804,0.33243733114177804,0.04695262507885185,0.2166855442313858,0.012596128090136653,0.14765853236445997,0.23459227554523904,0.5471089770069493,0.9783837153234488
0.16555946511469669,0.16555946511469669,0.019961045134504106,0.14128356286031332,0.003589077409778168,0.07271823477658287,0.10614311591030633,0.19634268504590624,0.9422730866127861
average,mean,variance,standard deviation,min,qt1,qt2,qt3,max,center.eps, center.eps_r, center.normalized_star_energy
0.22399979640520212,0.22399979640520212,0.017018143688247563,0.130453607417532,0.0056794419189828355,0.11839952273353499,0.1941423552535253,0.3027491311188482,0.892555946776963,0.25643765977953115,0.3228787405031976,-0.7386807915857483
0.27800340733832324,0.27800340733832324,0.01561326054966961,0.12495303337522307,0.0123477653477901,0.18047772888379454,0.2378160789049616,0.36197009974047156,0.9475119833823438,0.6355639014280322,0.3136153294712856,-0.6094491841111341
0.33243733114177804,0.33243733114177804,0.04695262507885185,0.2166855442313858,0.012596128090136653,0.14765853236445997,0.23459227554523904,0.5471089770069493,0.9783837153234488,0.873548077961799,0.16027389892241672,-0.46493425172007885
0.16555946511469669,0.16555946511469669,0.019961045134504106,0.14128356286031332,0.003589077409778168,0.07271823477658287,0.10614311591030633,0.19634268504590624,0.9422730866127861,-0.19859421976303385,0.3917466828530175,-0.5565944958953069
