autogmm,Silhouette,0.239147683201882
autogmm,Davies Bouldin,1.3958463885176
fuzzy,Silhouette,0.32849212994267
fuzzy,Davies Bouldin,1.13661758190718
