autogmm,Silhouette,0.15975590833973
autogmm,Davies Bouldin,1.45786178401303
fuzzy,Silhouette,0.301855432738864
fuzzy,Davies Bouldin,1.18098548074587
