average,mean,variance,standard deviation,min,qt1,qt2,qt3,max
0.26534957686468597,0.26534957686468597,0.03289836748677178,0.18137907124795788,0.0039248569980344225,0.130531248451359,0.17469604947101314,0.4102548111464856,0.928506836615928
0.3421563896634558,0.3421563896634558,0.01752485520985042,0.13238147608276024,0.008700746805523747,0.24389166598490641,0.3096254288811549,0.43106459143308234,0.9680132132112856
0.39249403347185824,0.39249403347185824,0.043964205300364836,0.2096764300067245,0.017951571481724136,0.20153731285591556,0.3306880081816577,0.5936059830139118,0.9873743961964419
average,mean,variance,standard deviation,min,qt1,qt2,qt3,max,center.eps, center.eps_r, center.normalized_star_energy
0.26534957686468597,0.26534957686468597,0.03289836748677178,0.18137907124795788,0.0039248569980344225,0.130531248451359,0.17469604947101314,0.4102548111464856,0.928506836615928,-0.0954951029258234,0.26994808251649993,-0.5623273673768697
0.3421563896634558,0.3421563896634558,0.01752485520985042,0.13238147608276024,0.008700746805523747,0.24389166598490641,0.3096254288811549,0.43106459143308234,0.9680132132112856,0.37626790502987423,0.2931680242805304,-0.6833259643353924
0.39249403347185824,0.39249403347185824,0.043964205300364836,0.2096764300067245,0.017951571481724136,0.20153731285591556,0.3306880081816577,0.5936059830139118,0.9873743961964419,0.732307511209791,0.2465890287135548,-0.5748362122951559
