autogmm,Silhouette,0.219797899814777
autogmm,Davies Bouldin,1.4591181993521
fuzzy,Silhouette,0.313893991186236
fuzzy,Davies Bouldin,1.20148797239755
