autogmm,Silhouette,0.183405132487304
autogmm,Davies Bouldin,1.39550222661328
fuzzy,Silhouette,0.277631953937607
fuzzy,Davies Bouldin,1.33729162591529
