average,mean,variance,standard deviation,min,qt1,qt2,qt3,max
0.7688687390268846,0.7688687390268846,0.1590772918814752,0.39884494716803826,7.461756006752578e-31,0.749428050142458,0.9998149153096759,0.9999898140803457,1.0
0.23113126097311532,0.23113126097311532,0.1590772918814752,0.39884494716803826,4.5638711041950964e-29,1.018591965431127e-05,0.00018508469032401114,0.25057194985754205,1.0
average,mean,variance,standard deviation,min,qt1,qt2,qt3,max,center.eps, center.eps_r, center.normalized_star_energy
0.7688687390268846,0.7688687390268846,0.1590772918814752,0.39884494716803826,7.461756006752578e-31,0.749428050142458,0.9998149153096759,0.9999898140803457,1.0,0.7846622313883278
0.23113126097311532,0.23113126097311532,0.1590772918814752,0.39884494716803826,4.5638711041950964e-29,1.018591965431127e-05,0.00018508469032401114,0.25057194985754205,1.0,0.07046911785915305
