autogmm,Silhouette,0.209528348137491
autogmm,Davies Bouldin,1.484344613582201
fuzzy,Silhouette,0.32220945270598556
fuzzy,Davies Bouldin,1.2026848201704803
