average,mean,variance,standard deviation,min,qt1,qt2,qt3,max
0.32953345079897717,0.32953345079897717,0.03539682807720273,0.1881404477437075,0.011167914607861035,0.16845006025814133,0.25844780834163833,0.500948479196751,0.979730901751202
0.2846373282435422,0.2846373282435422,0.010943290484211932,0.10461018346323618,0.01190883785150419,0.20303744304982768,0.26392382457252944,0.3547282901314343,0.941118188270949
0.22769919669512095,0.22769919669512095,0.012376273003365908,0.11124869888392362,0.005458401904676248,0.13612317960529988,0.209722460942519,0.29723194428527727,0.9574835528756989
0.15813002426235967,0.15813002426235967,0.01837035766257031,0.13553729251600946,0.0029018584926177923,0.07210364233361465,0.09844170706181014,0.17824657018791784,0.9134373744507112
average,mean,variance,standard deviation,min,qt1,qt2,qt3,max,center.eps, center.eps_r, center.normalized_star_energy
0.32953345079897717,0.32953345079897717,0.03539682807720273,0.1881404477437075,0.011167914607861035,0.16845006025814133,0.25844780834163833,0.500948479196751,0.979730901751202,0.8751121222894395,0.1511241386541956,-0.38091923613195244
0.2846373282435422,0.2846373282435422,0.010943290484211932,0.10461018346323618,0.01190883785150419,0.20303744304982768,0.26392382457252944,0.3547282901314343,0.941118188270949,0.7339888679916167,0.23679616167458445,-0.5433330628155426
0.22769919669512095,0.22769919669512095,0.012376273003365908,0.11124869888392362,0.005458401904676248,0.13612317960529988,0.209722460942519,0.29723194428527727,0.9574835528756989,0.47741582452316256,0.30239004530540886,-0.652415066148169
0.15813002426235967,0.15813002426235967,0.01837035766257031,0.13553729251600946,0.0029018584926177923,0.07210364233361465,0.09844170706181014,0.17824657018791784,0.9134373744507112,-0.003571982874802545,0.3451900700973368,-0.6835901091358139
