average,mean,variance,standard deviation,min,qt1,qt2,qt3,max
0.2656085396987479,0.2656085396987479,0.029985231442198782,0.17316244235456713,0.010829450544946195,0.1353333285382014,0.1861323466646457,0.3836111435578219,0.9720317840794988
0.38413422938347713,0.38413422938347713,0.03426416186533095,0.18510581261897463,0.010574858741056186,0.21677631196776415,0.3385217898406766,0.5592632024294637,0.9622417637484137
0.3502572309177749,0.3502572309177749,0.012994394023005855,0.11399295602363269,0.017393357179444926,0.264561981684595,0.3309307816740729,0.4275098331712853,0.9446027376554478
average,mean,variance,standard deviation,min,qt1,qt2,qt3,max,center.eps, center.eps_r, center.normalized_star_energy
0.2656085396987479,0.2656085396987479,0.029985231442198782,0.17316244235456713,0.010829450544946195,0.1353333285382014,0.1861323466646457,0.3836111435578219,0.9720317840794988,-0.11768153692810494,0.3361618918566943,-0.6765426836677095
0.38413422938347713,0.38413422938347713,0.03426416186533095,0.18510581261897463,0.010574858741056186,0.21677631196776415,0.3385217898406766,0.5592632024294637,0.9622417637484137,0.6936957642567364,0.24951255749498327,-0.586258909185122
0.3502572309177749,0.3502572309177749,0.012994394023005855,0.11399295602363269,0.017393357179444926,0.264561981684595,0.3309307816740729,0.4275098331712853,0.9446027376554478,0.37814874252296576,0.3270565343951524,-0.6348620248786766
