autogmm,Silhouette,0.197933583532918
autogmm,Davies Bouldin,1.73174345791286
fuzzy,Silhouette,0.302733094807464
fuzzy,Davies Bouldin,1.20914867012304
